id,titre,amplitude,rms,dB,Peak,Score,env,centroid_mean,bandwidth_mean,flatness_mean,mfcc_mean,pcen_mean,zcr_mean,cri,cri_type,tranche_id
1,صوت صراخ.wav,0.14137284446545909,0.2055807259400269,-13.740309843742027,0.999998798432011,20.55807259400269,2,1613.1495584134707,1502.7007892687022,0.21652021367110214,-26.048899760914022,0.20728529379372118,0.045414687862529,True,adulte,1
