id,titre,amplitude,rms,dB,Peak,Score,env,centroid_mean,bandwidth_mean,flatness_mean,mfcc_mean,pcen_mean,zcr_mean,cri,cri_type,tranche_id,Danger%_pred,moy_danger_pred
1,recorded_5s.wav,0.0371017528857696,0.0986402781899884,-20.11882617608464,0.9999828172852876,9.864027818998848,2,3623.283295354551,4339.173025968707,0.0261456724672382,-18.468878656515624,0.1063758140515899,0.0708619580191415,False,aucun,1,38.79009152994106,47.21287274617596
